"ID_FIELD";"ID_KIND_DOC";"IS_LIST_CLI";"IS_LIST_OPER";"DISPLAY_NAME";"DECODE_TABLE";"CODE_COLUMN";"DECODE_COLUMN";"DECODE_COLUMN_NAME";"IS_SMS_NOTIFY"
1;1;1;1;"Номер документа";null;null;null;null;0
1;2;1;1;"Номер документа";null;null;null;null;0
1;3;1;1;"Номер документа";null;null;null;null;0
1;4;1;1;"Номер документа";null;null;null;null;1
1;5;1;1;"Номер документа";null;null;null;null;0
1;6;1;1;"Номер документа";null;null;null;null;0
1;7;1;1;"Номер документа";null;null;null;null;0
1;8;1;1;"Номер документа";null;null;null;null;0
1;9;1;1;"Номер документа";null;null;null;null;0
1;10;1;1;"Номер документа";null;null;null;null;0
1;11;1;1;"Номер документа";null;null;null;null;0
1;12;1;1;"Номер документа";null;null;null;null;0
1;13;1;1;"Номер документа";null;null;null;null;0
1;14;1;1;"Номер документа";null;null;null;null;0
1;15;1;1;"Номер документа";null;null;null;null;0
1;16;1;1;"Номер документа";null;null;null;null;0
1;17;1;1;"Номер документа";null;null;null;null;0
1;18;1;1;"Номер документа";null;null;null;null;0
1;19;1;1;"Номер документа";null;null;null;null;0
1;20;1;1;"Номер документа";null;null;null;null;0
1;21;1;1;"Номер документа";null;null;null;null;0
1;22;1;1;"Номер документа";null;null;null;null;0
1;23;1;1;"Номер документа";null;null;null;null;0
1;24;1;1;"Номер документа";null;null;null;null;0
1;25;1;1;"Номер документа";null;null;null;null;0
1;26;1;1;"Номер документа";null;null;null;null;0
1;27;1;1;"Номер документа";null;null;null;null;0
1;28;1;1;"Номер документа";null;null;null;null;0
1;29;1;1;"Номер документа";null;null;null;null;0
1;30;1;1;"Номер документа";null;null;null;null;0
1;31;1;1;"Номер документа";null;null;null;null;0
1;32;1;1;"Номер документа";null;null;null;null;0
1;33;1;1;"Номер документа";null;null;null;null;0
1;34;1;1;"Номер документа";null;null;null;null;0
1;35;1;1;"Номер документа";null;null;null;null;0
1;36;1;1;"Номер документа";null;null;null;null;0
1;37;1;1;"Номер документа";null;null;null;null;0
1;38;1;1;"Номер документа";null;null;null;null;0
1;39;1;1;"Номер документа";null;null;null;null;0
1;40;1;1;"Номер документа";null;null;null;null;0
2;1;1;1;"Дата документа";null;null;null;null;0
2;2;1;1;"Дата документа";null;null;null;null;0
2;3;1;1;"Дата документа";null;null;null;null;0
2;4;1;1;"Дата документа";null;null;null;null;0
2;5;1;1;"Дата документа";null;null;null;null;0
2;6;1;1;"Дата документа";null;null;null;null;0
2;7;1;1;"Дата документа";null;null;null;null;0
2;8;1;1;"Дата документа";null;null;null;null;0
2;9;1;1;"Дата документа";null;null;null;null;0
2;10;1;1;"Дата документа";null;null;null;null;0
2;11;1;1;"Дата документа";null;null;null;null;0
2;12;1;1;"Дата документа";null;null;null;null;0
2;13;1;1;"Дата документа";null;null;null;null;0
2;14;1;1;"Дата документа";null;null;null;null;0
2;15;1;1;"Дата документа";null;null;null;null;0
2;16;1;1;"Дата документа";null;null;null;null;0
2;17;1;1;"Дата документа";null;null;null;null;0
2;18;1;1;"Дата документа";null;null;null;null;0
2;19;1;1;"Дата документа";null;null;null;null;0
2;20;1;1;"Дата документа";null;null;null;null;0
2;21;1;1;"Дата документа";null;null;null;null;0
2;22;1;1;"Дата документа";null;null;null;null;0
2;23;1;1;"Дата документа";null;null;null;null;0
2;24;1;1;"Дата документа";null;null;null;null;0
2;25;1;1;"Дата документа";null;null;null;null;0
2;26;1;1;"Дата документа";null;null;null;null;0
2;27;1;1;"Дата документа";null;null;null;null;0
2;28;1;1;"Дата документа";null;null;null;null;0
2;29;1;1;"Дата документа";null;null;null;null;0
2;30;1;1;"Дата документа";null;null;null;null;0
2;31;1;1;"Дата документа";null;null;null;null;0
2;32;1;1;"Дата документа";null;null;null;null;0
2;33;1;1;"Дата документа";null;null;null;null;0
2;34;1;1;"Дата документа";null;null;null;null;0
2;35;1;1;"Дата документа";null;null;null;null;0
2;36;1;1;"Дата документа";null;null;null;null;0
2;37;1;1;"Дата документа";null;null;null;null;0
2;38;1;1;"Дата документа";null;null;null;null;0
2;39;1;1;"Дата документа";null;null;null;null;0
2;40;1;1;"Дата документа";null;null;null;null;0
3;1;1;1;"Сумма документа";null;null;null;null;1
3;2;1;1;"Сумма документа";null;null;null;null;1
3;3;1;1;"Сумма документа";null;null;null;null;1
3;5;1;1;"Сумма документа";null;null;null;null;1
3;6;1;1;"Сумма документа";null;null;null;null;1
3;8;1;1;"Сумма документа";null;null;null;null;1
3;11;1;1;"Сумма документа";null;null;null;null;0
3;14;1;1;"Сумма документа";null;null;null;null;1
3;15;1;1;"Сумма документа";null;null;null;null;1
3;16;1;1;"Сумма документа";null;null;null;null;1
3;17;1;1;"Сумма документа";null;null;null;null;1
3;18;1;1;"Сумма документа";null;null;null;null;0
3;19;1;1;"Сумма документа";null;null;null;null;0
3;20;1;1;"Сумма документа";null;null;null;null;1
3;21;1;1;"Сумма документа";null;null;null;null;1
3;22;1;1;"Сумма документа";null;null;null;null;0
3;23;1;1;"Сумма документа";null;null;null;null;0
3;24;1;1;"Сумма документа";null;null;null;null;0
3;25;1;1;"Сумма документа";null;null;null;null;0
3;26;1;1;"Сумма документа";null;null;null;null;0
3;27;1;1;"Сумма документа";null;null;null;null;0
3;30;1;1;"Сумма документа";null;null;null;null;0
3;31;1;1;"Сумма документа";null;null;null;null;0
3;35;1;1;"Сумма документа";null;null;null;null;0
3;37;1;1;"Сумма документа";null;null;null;null;0
3;40;1;1;"Сумма документа";null;null;null;null;0
4;1;1;1;"Вид платежа";null;null;null;null;0
4;15;1;1;"Вид платежа";null;null;null;null;0
4;16;1;1;"Вид платежа";null;null;null;null;0
4;17;1;1;"Вид платежа";null;null;null;null;0
5;1;1;1;"Очередность платежа";null;null;null;null;0
5;11;1;1;"Очередность платежа";null;null;null;null;0
5;15;1;1;"Очередность платежа";null;null;null;null;0
5;16;1;1;"Очередность платежа";null;null;null;null;0
5;17;1;1;"Очередность платежа";null;null;null;null;0
5;40;1;1;"Очередность платежа";null;null;null;null;0
6;1;1;1;"Счет плательщика";null;null;null;null;0
6;2;1;1;"Счет плательщика";null;null;null;null;0
6;3;1;1;"Счет плательщика";null;null;null;null;0
6;5;1;1;"Счет плательщика";null;null;null;null;0
6;6;1;1;"Счет плательщика";null;null;null;null;0
6;11;1;1;"Счет плательщика";null;null;null;null;0
6;14;1;1;"Счет плательщика";null;null;null;null;0
6;15;1;1;"Счет плательщика";null;null;null;null;0
6;16;1;1;"Счет плательщика";null;null;null;null;0
6;17;1;1;"Счет плательщика";null;null;null;null;0
6;18;1;1;"Счет плательщика";null;null;null;null;0
6;19;1;1;"Счет плательщика";null;null;null;null;0
6;20;1;1;"Счет плательщика";null;null;null;null;0
6;21;1;1;"Счет плательщика";null;null;null;null;0
6;22;1;1;"Счет плательщика";null;null;null;null;0
6;23;1;1;"Счет плательщика";null;null;null;null;0
6;24;1;1;"Счет плательщика";null;null;null;null;0
6;25;1;1;"Счет плательщика";null;null;null;null;0
6;30;1;1;"Счет плательщика";null;null;null;null;0
6;31;1;1;"Счет плательщика";null;null;null;null;0
6;35;1;1;"Счет плательщика";null;null;null;null;0
6;40;1;1;"Счет плательщика";null;null;null;null;0
7;1;1;1;"БИК банка получателя";null;null;null;null;1
7;2;1;1;"БИК банка получателя";null;null;null;null;1
7;5;1;1;"БИК банка получателя";null;null;null;null;0
7;11;1;1;"БИК банка получателя";null;null;null;null;0
7;14;1;1;"БИК банка получателя";null;null;null;null;0
7;15;1;1;"БИК банка получателя";null;null;null;null;1
7;16;1;1;"БИК банка получателя";null;null;null;null;1
7;17;1;1;"БИК банка получателя";null;null;null;null;1
7;20;1;1;"БИК банка получателя";null;null;null;null;0
7;21;1;1;"БИК банка получателя";null;null;null;null;0
7;22;1;1;"БИК банка получателя";null;null;null;null;0
7;31;1;1;"БИК банка получателя";null;null;null;null;0
7;35;1;1;"БИК банка получателя";null;null;null;null;0
7;40;1;1;"БИК банка получателя";null;null;null;null;0
8;1;1;1;"Счет банка получателя";null;null;null;null;0
8;2;1;1;"Счет банка получателя";null;null;null;null;0
8;5;1;1;"Счет банка получателя";null;null;null;null;0
8;11;1;1;"Счет банка получателя";null;null;null;null;0
8;15;1;1;"Счет банка получателя";null;null;null;null;0
8;16;1;1;"Счет банка получателя";null;null;null;null;0
8;17;1;1;"Счет банка получателя";null;null;null;null;0
8;31;1;1;"Счет банка получателя";null;null;null;null;0
8;40;1;1;"Счет банка получателя";null;null;null;null;0
9;1;1;1;"Наименование банка получателя";null;null;null;null;0
9;2;1;1;"Наименование банка получателя";null;null;null;null;0
9;11;1;1;"Наименование банка получателя";null;null;null;null;0
9;15;1;1;"Наименование банка получателя";null;null;null;null;0
9;16;1;1;"Наименование банка получателя";null;null;null;null;0
9;17;1;1;"Наименование банка получателя";null;null;null;null;0
9;40;1;1;"Наименование банка получателя";null;null;null;null;0
10;1;1;1;"Счет получателя";null;null;null;null;1
10;2;1;1;"Счет получателя";null;null;null;null;1
10;3;1;1;"Счет получателя";null;null;null;null;1
10;5;1;1;"Счет получателя";null;null;null;null;0
10;7;1;1;"Счет получателя";null;null;null;null;1
10;11;1;1;"Счет получателя";null;null;null;null;0
10;14;1;1;"Счет получателя";null;null;null;null;0
10;15;1;1;"Счет получателя";null;null;null;null;1
10;16;1;1;"Счет получателя";null;null;null;null;1
10;17;1;1;"Счет получателя";null;null;null;null;1
10;20;1;1;"Счет получателя";null;null;null;null;1
10;21;1;1;"Счет получателя";null;null;null;null;1
10;22;1;1;"Счет получателя";null;null;null;null;0
10;31;1;1;"Счет получателя";null;null;null;null;0
10;34;1;1;"Счет получателя";null;null;null;null;0
10;35;1;1;"Счет получателя";null;null;null;null;0
10;40;1;1;"Счет получателя";null;null;null;null;0
11;1;1;1;"КПП получателя";null;null;null;null;0
11;15;1;1;"КПП получателя";null;null;null;null;0
11;16;1;1;"КПП получателя";null;null;null;null;0
11;17;1;1;"КПП получателя";null;null;null;null;0
11;31;1;1;"КПП получателя";null;null;null;null;0
12;1;1;1;"ИНН получателя";null;null;null;null;0
12;2;1;1;"ИНН получателя";null;null;null;null;0
12;5;1;1;"ИНН получателя";null;null;null;null;0
12;11;1;1;"ИНН получателя";null;null;null;null;0
12;14;1;1;"ИНН получателя";null;null;null;null;0
12;15;1;1;"ИНН получателя";null;null;null;null;0
12;16;1;1;"ИНН получателя";null;null;null;null;0
12;17;1;1;"ИНН получателя";null;null;null;null;0
12;31;1;1;"ИНН получателя";null;null;null;null;0
12;40;1;1;"ИНН получателя";null;null;null;null;0
13;1;1;1;"Наименование получателя";null;null;null;null;0
13;2;1;1;"Наименование получателя";null;null;null;null;0
13;11;1;1;"Наименование получателя";null;null;null;null;0
13;14;1;1;"Наименование получателя";null;null;null;null;1
13;15;1;1;"Наименование получателя";null;null;null;null;0
13;16;1;1;"Наименование получателя";null;null;null;null;0
13;17;1;1;"Наименование получателя";null;null;null;null;0
13;31;1;1;"Наименование получателя";null;null;null;null;0
13;40;1;1;"Наименование получателя";null;null;null;null;0
14;1;1;1;"Статус составителя";null;null;null;null;0
14;15;1;1;"Статус составителя";null;null;null;null;0
14;16;1;1;"Статус составителя";null;null;null;null;0
14;17;1;1;"Статус составителя";null;null;null;null;0
14;31;1;1;"Статус составителя";null;null;null;null;0
15;1;1;1;"КБК";null;null;null;null;0
15;15;1;1;"КБК";null;null;null;null;0
15;16;1;1;"КБК";null;null;null;null;0
15;17;1;1;"КБК";null;null;null;null;0
15;31;1;1;"КБК";null;null;null;null;0
16;1;1;1;"ОКАТО";null;null;null;null;0
16;17;1;1;"ОКАТО";null;null;null;null;0
16;31;1;1;"ОКАТО";null;null;null;null;0
17;1;1;1;"Основание налогового платежа";null;null;null;null;0
17;17;1;1;"Основание налогового платежа";null;null;null;null;0
17;31;1;1;"Основание налогового платежа";null;null;null;null;0
18;1;1;1;"Налоговый период";null;null;null;null;0
18;17;1;1;"Налоговый период";null;null;null;null;0
18;31;1;1;"Налоговый период";null;null;null;null;0
19;1;1;1;"Номер налогового документа";null;null;null;null;0
19;17;1;1;"Номер налогового документа";null;null;null;null;0
19;31;1;1;"Номер налогового документа";null;null;null;null;0
20;1;1;1;"Дата налогового документа";null;null;null;null;0
20;17;1;1;"Дата налогового документа";null;null;null;null;0
20;31;1;1;"Дата налогового документа";null;null;null;null;0
21;1;1;1;"Тип налогового платежа";null;null;null;null;0
21;17;1;1;"Тип налогового платежа";null;null;null;null;0
21;31;1;1;"Тип налогового платежа";null;null;null;null;0
22;1;1;1;"Назначение платежа";null;null;null;null;0
22;2;1;1;"Назначение платежа";null;null;null;null;0
22;4;1;1;"Назначение платежа";null;null;null;null;0
22;5;1;1;"Назначение платежа";null;null;null;null;0
22;11;1;1;"Назначение платежа";null;null;null;null;0
22;14;1;1;"Назначение платежа";null;null;null;null;0
22;15;1;1;"Назначение платежа";null;null;null;null;0
22;16;1;1;"Назначение платежа";null;null;null;null;0
22;17;1;1;"Назначение платежа";null;null;null;null;0
22;18;1;1;"Назначение платежа";null;null;null;null;0
22;20;1;1;"Назначение платежа";null;null;null;null;0
22;21;1;1;"Назначение платежа";null;null;null;null;0
22;30;1;1;"Назначение платежа";null;null;null;null;0
22;31;1;1;"Назначение платежа";null;null;null;null;0
22;40;1;1;"Назначение платежа";null;null;null;null;0
23;1;1;1;"ИНН плательщика";null;null;null;null;0
23;2;1;1;"ИНН плательщика";null;null;null;null;0
23;14;1;1;"ИНН плательщика";null;null;null;null;0
23;15;1;1;"ИНН плательщика";null;null;null;null;0
23;16;1;1;"ИНН плательщика";null;null;null;null;0
23;17;1;1;"ИНН плательщика";null;null;null;null;0
23;20;1;1;"ИНН плательщика";null;null;null;null;0
23;21;1;1;"ИНН плательщика";null;null;null;null;0
23;22;1;1;"ИНН плательщика";null;null;null;null;0
23;31;1;1;"ИНН плательщика";null;null;null;null;0
24;1;1;1;"КПП плательщика";null;null;null;null;0
24;16;1;1;"КПП плательщика";null;null;null;null;0
24;17;1;1;"КПП плательщика";null;null;null;null;0
24;31;1;1;"КПП плательщика";null;null;null;null;0
25;2;1;1;"Адрес получателя";null;null;null;null;0
26;2;1;1;"Код страны получателя";null;null;null;null;0
26;14;1;1;"Код страны получателя";null;null;null;null;0
27;2;1;1;"Город получателя";null;null;null;null;0
27;14;1;1;"Город получателя";null;null;null;null;0
28;2;1;1;"Код страны банка получателя";null;null;null;null;0
29;2;1;1;"Город банка получателя";null;null;null;null;0
30;2;1;1;"Адрес банка получателя";null;null;null;null;0
31;1;1;1;"Счет банка плательщика";null;null;null;null;0
31;2;1;1;"Счет банка плательщика";null;null;null;null;0
32;2;1;1;"БИК банка плательщика";null;null;null;null;0
33;2;1;1;"Счет банка посредника";null;null;null;null;0
34;2;1;1;"БИК банка посредника";null;null;null;null;0
35;2;1;1;"Наименование банка посредника";null;null;null;null;0
36;2;1;1;"Код страны банка посредника";null;null;null;null;0
37;2;1;1;"Город банка посредника";null;null;null;null;0
38;2;1;1;"Адрес банка посредника";null;null;null;null;0
39;3;1;1;"Тип суммы документа";null;null;null;null;0
40;4;1;1;"Заголовок сообщения";null;null;null;null;0
41;2;1;1;"Валюта документа";null;null;null;null;0
41;3;1;1;"Валюта документа";null;null;null;null;0
41;5;1;1;"Валюта документа";null;null;null;null;0
41;6;1;1;"Валюта документа";null;null;null;null;0
41;8;1;1;"Валюта документа";null;null;null;null;0
41;11;1;1;"Валюта документа";null;null;null;null;0
41;14;1;1;"Валюта документа";null;null;null;null;0
41;20;1;1;"Валюта документа";null;null;null;null;0
41;21;1;1;"Валюта документа";null;null;null;null;0
41;27;1;1;"Валюта документа";null;null;null;null;0
41;30;1;1;"Валюта документа";null;null;null;null;0
41;35;1;1;"Валюта документа";null;null;null;null;0
41;40;1;1;"Валюта документа";null;null;null;null;0
42;6;1;1;"Срок действия";null;null;null;null;1
42;8;1;1;"Срок действия";null;null;null;null;1
42;11;1;1;"Срок действия";null;null;null;null;0
42;40;1;1;"Срок действия";null;null;null;null;0
43;6;1;1;"Идентификатор продукта";"VW_RB_FDEP_PRODUCT";"ID_PRODUCT";"NAME_PRODUCT";"Наименование продукта";1
43;8;1;1;"Идентификатор продукта";"VW_RB_LOAN_PRODUCT";"ID_PRODUCT";"NAME_PRODUCT";"Наименование продукта";1
43;9;1;1;"Идентификатор продукта";"VW_RB_CARD_PRODUCT";"ID_PRODUCT";"NAME_PRODUCT";"Наименование продукта";1
43;11;1;1;"Идентификатор продукта";null;null;null;null;0
43;23;1;1;"Идентификатор продукта";null;"ID_PRODUCT";"NAME_PRODUCT";"Наименование продукта";0
43;24;1;1;"Идентификатор продукта";null;"ID_PRODUCT";"NAME_PRODUCT";"Наименование продукта";0
43;25;1;1;"Идентификатор продукта";null;"ID_PRODUCT";"NAME_PRODUCT";"Наименование продукта";0
43;27;1;1;"Идентификатор продукта";null;"ID_PRODUCT";"NAME_PRODUCT";"Наименование продукта";0
43;39;1;1;"Идентификатор продукта";null;"ID_PRODUCT";"NAME_PRODUCT";"Наименование продукта";0
43;40;1;1;"Идентификатор продукта";null;"ID_PRODUCT";"NAME_PRODUCT";"Наименование продукта";0
44;7;1;1;"Идентификатор договора";"VW_RB_FDEP_CONTRACT";"ID_CONTRACT";"NUM_CONTRACT";"Номер договора";1
44;9;1;1;"Идентификатор договора";null;"ID_CONTRACT";"NUM_CONTRACT";"Номер договора";0
44;10;1;1;"Идентификатор договора";"VW_RB_CARD_CONTRACT";"ID_CONTRACT";"NUM_CONTRACT";"Номер карты";1
44;12;1;1;"Идентификатор договора";null;null;null;null;0
44;13;1;1;"Идентификатор договора";"VW_RB_CARD_CONTRACT";"ID_CONTRACT";"NUM_CONTRACT";"Номер карты";0
44;19;1;1;"Идентификатор договора";null;"ID_CONTRACT";"NUM_CONTRACT";"Номер договора";0
44;24;1;1;"Идентификатор договора";null;"ID_CONTRACT";"NUM_CONTRACT";"Номер договора";0
44;25;1;1;"Идентификатор договора";null;"ID_CONTRACT";"NUM_CONTRACT";"Номер договора";0
44;26;1;1;"Идентификатор договора";null;"ID_CONTRACT";"NUM_CONTRACT";"Номер договора";0
44;28;1;1;"Идентификатор договора";null;"ID_CONTRACT";"NUM_CONTRACT";"Номер договора";0
44;39;1;1;"Идентификатор договора";null;"ID_CONTRACT";"NUM_CONTRACT";"Номер договора";0
45;2;1;1;"Корр счет банка получателя";null;null;null;null;0
46;1;1;1;"Наименование плательщика";null;null;null;null;0
46;2;1;1;"Наименование плательщика";null;null;null;null;0
46;14;1;1;"Наименование плательщика";null;null;null;null;0
46;15;1;1;"Наименование плательщика";null;null;null;null;0
46;16;1;1;"Наименование плательщика";null;null;null;null;0
46;17;1;1;"Наименование плательщика";null;null;null;null;0
46;20;1;1;"Наименование плательщика";null;null;null;null;0
46;21;1;1;"Наименование плательщика";null;null;null;null;0
46;22;1;1;"Наименование плательщика";null;null;null;null;0
46;31;1;1;"Наименование плательщика";null;null;null;null;0
47;2;1;1;"Адрес плательщика";null;null;null;null;0
47;20;1;1;"Адрес плательщика";null;null;null;null;0
47;21;1;1;"Адрес плательщика";null;null;null;null;0
47;22;1;1;"Адрес плательщика";null;null;null;null;0
48;2;1;1;"Код страны плательщика";null;null;null;null;0
48;14;1;1;"Код страны плательщика";null;null;null;null;0
49;2;1;1;"Тип комиссии";null;null;null;null;0
50;10;1;1;"Причина смены состояния";null;null;null;null;1
50;12;1;1;"Причина смены состояния";null;null;null;null;0
50;35;1;1;"Причина смены состояния";null;null;null;null;0
50;38;1;1;"Причина смены состояния";null;null;null;null;0
51;10;1;1;"Состояние карты";null;null;null;null;1
51;35;1;1;"Состояние карты";null;null;null;null;0
52;2;1;1;"Город плательщика";null;null;null;null;0
53;1;1;1;"Комиссия";null;null;null;null;0
53;2;1;1;"Комиссия";null;null;null;null;0
53;3;1;1;"Комиссия";null;null;null;null;0
53;5;1;1;"Комиссия";null;null;null;null;0
53;14;1;1;"Комиссия";null;null;null;null;0
53;15;1;1;"Комиссия";null;null;null;null;0
53;16;1;1;"Комиссия";null;null;null;null;0
53;17;1;1;"Комиссия";null;null;null;null;0
53;19;1;1;"Комиссия";null;null;null;null;0
53;20;1;1;"Комиссия";null;null;null;null;0
53;21;1;1;"Комиссия";null;null;null;null;0
53;22;1;1;"Комиссия";null;null;null;null;0
53;27;1;1;"Комиссия";null;null;null;null;0
53;30;1;1;"Комиссия";null;null;null;null;0
53;37;1;1;"Комиссия";null;null;null;null;0
54;13;1;1;"Сохранить PIN";null;null;null;null;0
55;1;1;1;"Общая сумма";null;null;null;null;0
55;2;1;1;"Общая сумма";null;null;null;null;0
55;3;1;1;"Общая сумма";null;null;null;null;0
55;5;1;1;"Общая сумма";null;null;null;null;0
55;14;1;1;"Общая сумма";null;null;null;null;0
55;15;1;1;"Общая сумма";null;null;null;null;0
55;16;1;1;"Общая сумма";null;null;null;null;0
55;17;1;1;"Общая сумма";null;null;null;null;0
55;19;1;1;"Общая сумма";null;null;null;null;0
55;20;1;1;"Общая сумма";null;null;null;null;0
55;21;1;1;"Общая сумма";null;null;null;null;0
55;22;1;1;"Общая сумма";null;null;null;null;0
55;23;1;1;"Общая сумма";null;null;null;null;0
55;24;1;1;"Общая сумма";null;null;null;null;0
55;25;1;1;"Общая сумма";null;null;null;null;0
55;30;1;1;"Общая сумма";null;null;null;null;0
55;37;1;1;"Общая сумма";null;null;null;null;0
56;5;0;0;"Параметры EPS";null;null;null;null;0
56;11;0;0;"Параметры EPS";null;null;null;null;0
56;40;0;0;"Параметры EPS";null;null;null;null;0
57;14;1;1;"Идентификатор поставщика";"TM_ON_LINE_SYSTEM";"SID_SYSTEM";"NAME_SYSTEM";"Система";1
58;1;1;1;"Название шаблона";null;null;null;null;0
58;2;1;1;"Название шаблона";null;null;null;null;0
58;3;1;1;"Название шаблона";null;null;null;null;0
58;4;1;1;"Название шаблона";null;null;null;null;0
58;5;1;1;"Название шаблона";null;null;null;null;0
58;13;1;1;"Название шаблона";null;null;null;null;0
58;14;1;1;"Название шаблона";null;null;null;null;0
58;15;1;1;"Название шаблона";null;null;null;null;0
58;16;1;1;"Название шаблона";null;null;null;null;0
58;17;1;1;"Название шаблона";null;null;null;null;0
58;20;1;1;"Название шаблона";null;null;null;null;0
58;21;1;1;"Название шаблона";null;null;null;null;0
58;22;1;1;"Название шаблона";null;null;null;null;0
58;30;1;1;"Название шаблона";null;null;null;null;0
59;14;0;0;"Параметры TM";null;null;null;null;0
60;14;1;1;"Дата рождения получателя";null;null;null;null;0
61;14;1;1;"Код точки выплаты";null;null;null;null;0
62;14;1;1;"Внутренний идентификатор транзакции";null;null;null;null;0
63;5;1;1;"GUID операции";null;null;null;null;0
63;14;1;1;"GUID операции";null;null;null;null;0
63;40;1;1;"GUID операции";null;null;null;null;0
64;18;1;1;"Документ.Количество операций";null;null;null;null;0
65;1;1;1;"Источник списания";null;null;null;null;0
65;2;1;1;"Источник списания";null;null;null;null;0
65;3;1;1;"Источник списания";null;null;null;null;0
65;5;1;1;"Источник списания";null;null;null;null;0
65;6;1;1;"Источник списания";null;null;null;null;0
65;14;1;1;"Источник списания";null;null;null;null;0
65;15;1;1;"Источник списания";null;null;null;null;0
65;16;1;1;"Источник списания";null;null;null;null;0
65;17;1;1;"Источник списания";null;null;null;null;0
65;18;1;1;"Источник списания";null;null;null;null;0
65;20;1;1;"Источник списания";null;null;null;null;0
65;21;1;1;"Источник списания";null;null;null;null;0
65;23;1;1;"Источник списания";null;null;null;null;0
65;24;1;1;"Источник списания";null;null;null;null;0
65;30;1;1;"Источник списания";null;null;null;null;1
65;35;1;1;"Источник списания";null;null;null;null;0
66;1;1;1;"Документ.КВВО.Значение";null;null;null;null;0
66;2;1;1;"Документ.КВВО.Значение";null;null;null;null;0
66;3;1;1;"Документ.КВВО.Значение";null;null;null;null;0
66;11;1;1;"Документ.КВВО.Значение";null;null;null;null;0
66;14;1;1;"Документ.КВВО.Значение";null;null;null;null;0
66;15;1;1;"Документ.КВВО.Значение";null;null;null;null;0
66;16;1;1;"Документ.КВВО.Значение";null;null;null;null;0
66;17;1;1;"Документ.КВВО.Значение";null;null;null;null;0
66;20;1;1;"Документ.КВВО.Значение";null;null;null;null;0
66;21;1;1;"Документ.КВВО.Значение";null;null;null;null;0
66;22;1;1;"Документ.КВВО.Значение";null;null;null;null;0
66;30;1;1;"Документ.КВВО.Значение";null;null;null;null;0
66;40;1;1;"Документ.КВВО.Значение";null;null;null;null;0
67;4;0;0;"Документ.Список файлов";null;null;null;null;0
67;18;0;0;"Документ.Список файлов";null;null;null;null;0
67;27;0;0;"Документ.Список файлов";null;null;null;null;0
68;1;1;1;"Документ.КВВО.Сторона";null;null;null;null;0
68;2;1;1;"Документ.КВВО.Сторона";null;null;null;null;0
68;3;1;1;"Документ.КВВО.Сторона";null;null;null;null;0
68;11;1;1;"Документ.КВВО.Сторона";null;null;null;null;0
68;14;1;1;"Документ.КВВО.Сторона";null;null;null;null;0
68;15;1;1;"Документ.КВВО.Сторона";null;null;null;null;0
68;16;1;1;"Документ.КВВО.Сторона";null;null;null;null;0
68;17;1;1;"Документ.КВВО.Сторона";null;null;null;null;0
68;20;1;1;"Документ.КВВО.Сторона";null;null;null;null;0
68;21;1;1;"Документ.КВВО.Сторона";null;null;null;null;0
68;22;1;1;"Документ.КВВО.Сторона";null;null;null;null;0
68;30;1;1;"Документ.КВВО.Сторона";null;null;null;null;0
68;40;1;1;"Документ.КВВО.Сторона";null;null;null;null;0
69;1;0;0;"Получатель.Телефон";null;null;null;null;0
69;14;0;0;"Получатель.Телефон";null;null;null;null;0
70;1;1;1;"Источник зачисления";null;null;null;null;0
70;3;1;1;"Источник зачисления";null;null;null;null;0
70;7;1;1;"Источник зачисления";null;null;null;null;0
70;20;1;1;"Источник зачисления";null;null;null;null;0
70;21;1;1;"Источник зачисления";null;null;null;null;0
70;30;1;1;"Источник зачисления";null;null;null;null;1
70;34;1;1;"Источник зачисления";null;null;null;null;0
70;35;1;1;"Источник зачисления";null;null;null;null;0
71;19;0;0;"SMS-Банк.Массив подключенных услуг";null;null;null;null;0
72;19;1;1;"SMS-Банк.Идентификатор бизнес-договора";null;null;null;null;0
73;19;1;1;"SMS-Банк.Идентификационный код";null;null;null;null;0
74;19;1;1;"SMS-Банк.Код бизнеса";null;null;null;null;0
75;2;1;1;"Документ.ПС";null;null;null;null;0
75;20;1;1;"Документ.ПС";null;null;null;null;0
75;22;1;1;"Документ.ПС";null;null;null;null;0
76;2;1;1;"Документ.ГТД";null;null;null;null;0
76;20;1;1;"Документ.ГТД";null;null;null;null;0
77;20;1;1;"Документ.Уполномоченный сотрудник";null;null;null;null;0
77;21;1;1;"Документ.Уполномоченный сотрудник";null;null;null;null;0
77;22;1;1;"Документ.Уполномоченный сотрудник";null;null;null;null;0
78;20;1;1;"Документ.Телефон уполномоч. сотрудника";null;null;null;null;0
78;21;1;1;"Документ.Телефон уполномоч. сотрудника";null;null;null;null;0
78;22;1;1;"Документ.Телефон уполномоч. сотрудника";null;null;null;null;0
79;20;1;1;"Документ.Курс";null;null;null;null;0
79;21;1;1;"Документ.Курс";null;null;null;null;0
79;22;1;1;"Документ.Курс";null;null;null;null;0
80;2;1;1;"Документ.Другие документы";null;null;null;null;0
80;20;1;1;"Документ.Другие документы";null;null;null;null;0
80;22;1;1;"Документ.Другие документы";null;null;null;null;0
81;2;1;1;"Плательщик.Расчетный счет";null;null;null;null;0
81;20;1;1;"Плательщик.Расчетный счет";null;null;null;null;0
81;21;1;1;"Плательщик.Расчетный счет";null;null;null;null;0
81;22;1;1;"Плательщик.Расчетный счет";null;null;null;null;0
82;2;1;1;"Плательщик.ОКПО";null;null;null;null;0
82;20;1;1;"Плательщик.ОКПО";null;null;null;null;0
82;21;1;1;"Плательщик.ОКПО";null;null;null;null;0
82;22;1;1;"Плательщик.ОКПО";null;null;null;null;0
83;26;1;1;"Кредиты.Полное гашение";null;null;null;null;0
84;26;1;1;"Кредиты.Перерасчет графика";null;null;null;null;0
85;26;1;1;"Кредиты.Дата погашения";null;null;null;null;0
86;27;1;1;"Кредиты.Срок кредита";null;null;null;null;0
87;27;1;1;"Кредиты.Тип срока";null;null;null;null;0
88;27;1;1;"Кредиты.Ануитентное гашение";null;null;null;null;0
89;27;0;0;"Кредиты.Действующие кредиты";null;null;null;null;0
90;27;0;0;"Кредиты.Обязательства по поручительствам";null;null;null;null;0
91;27;1;1;"Кредиты.Первоначальный взнос";null;null;null;null;0
92;27;1;1;"Кредиты.Совокупный среднемес. доход семьи";null;null;null;null;0
93;27;1;1;"Кредиты.Заработная плата заемщика";null;null;null;null;0
94;27;0;0;"Кредиты.Поручители";null;null;null;null;0
95;27;0;0;"Кредиты.Созаемщики";null;null;null;null;0
96;23;1;1;"Сейфовые ячейки.Идентификатор ячейки";null;null;null;null;0
96;24;1;1;"Сейфовые ячейки.Идентификатор ячейки";null;null;null;null;0
96;25;1;1;"Сейфовые ячейки.Идентификатор ячейки";null;null;null;null;0
97;23;1;1;"Сейфовые ячейки.Дата начала аренды";null;null;null;null;0
97;24;1;1;"Сейфовые ячейки.Дата начала аренды";null;null;null;null;0
97;25;1;1;"Сейфовые ячейки.Дата начала аренды";null;null;null;null;0
98;23;1;1;"Сейфовые ячейки.Дата окончания аренды";null;null;null;null;0
98;24;1;1;"Сейфовые ячейки.Дата окончания аренды";null;null;null;null;0
98;25;1;1;"Сейфовые ячейки.Дата окончания аренды";null;null;null;null;0
99;23;1;1;"Сейфовые ячейки.Комментарий";null;null;null;null;0
99;25;1;1;"Сейфовые ячейки.Комментарий";null;null;null;null;0
100;11;1;1;"Поручение.Минимальный остаток счета";null;null;null;null;0
100;40;1;1;"Поручение.Минимальный остаток счета";null;null;null;null;0
101;11;0;0;"Поручение.Массив плановых дат";null;null;null;null;0
101;12;0;0;"Поручение.Массив плановых дат";null;null;null;null;0
101;40;0;0;"Поручение.Массив плановых дат";null;null;null;null;0
102;11;1;1;"Поручение.Тип задания периодичности";null;null;null;null;0
102;40;1;1;"Поручение.Тип задания периодичности";null;null;null;null;0
103;11;1;1;"Поручение.Тип суммы";null;null;null;null;0
103;40;1;1;"Поручение.Тип суммы";null;null;null;null;0
104;11;0;0;"Поручение.Массив данных о периодичности";null;null;null;null;0
104;40;0;0;"Поручение.Массив данных о периодичности";null;null;null;null;0
105;11;1;1;"Поручение.Дата начала";null;null;null;null;0
105;40;1;1;"Поручение.Дата начала";null;null;null;null;0
106;11;1;1;"Поручение.Дата окончания";null;null;null;null;0
106;40;1;1;"Поручение.Дата окончания";null;null;null;null;0
107;14;1;1;"Документ.Адрес точки выплаты";null;null;null;null;0
108;14;1;1;"Документ.Наименование точки выплаты";null;null;null;null;0
109;5;1;1;"Идентификатор провайдера";"EPS_PROVIDER";"ID_PROVIDER";"NAME_PROVIDER";"Код поставщика";0
109;11;1;1;"Идентификатор провайдера";"EPS_PROVIDER";"ID_PROVIDER";"NAME_PROVIDER";"Код поставщика";0
109;40;1;1;"Идентификатор провайдера";"EPS_PROVIDER";"ID_PROVIDER";"NAME_PROVIDER";"Код поставщика";0
110;19;0;0;"SMS-Банк.Договоры";null;null;null;null;0
111;19;0;0;"SMS-Банк.Услуги";null;null;null;null;0
112;23;1;1;"Сейфовые ячейки.Оплата при создании";null;null;null;null;0
113;23;1;1;"Сейфовые ячейки.Номер отделения";null;null;null;null;0
114;1;1;1;"Согласен с условиями";null;null;null;null;0
114;2;1;1;"Согласен с условиями";null;null;null;null;0
114;3;1;1;"Согласен с условиями";null;null;null;null;0
114;4;1;1;"Согласен с условиями";null;null;null;null;0
114;5;1;1;"Согласен с условиями";null;null;null;null;0
114;6;1;1;"Согласен с условиями";null;null;null;null;0
114;7;1;1;"Согласен с условиями";null;null;null;null;0
114;8;1;1;"Согласен с условиями";null;null;null;null;0
114;9;1;1;"Согласен с условиями";null;null;null;null;0
114;10;1;1;"Согласен с условиями";null;null;null;null;0
114;11;1;1;"Согласен с условиями";null;null;null;null;0
114;12;1;1;"Согласен с условиями";null;null;null;null;0
114;13;1;1;"Согласен с условиями";null;null;null;null;0
114;14;1;1;"Согласен с условиями";null;null;null;null;0
114;15;1;1;"Согласен с условиями";null;null;null;null;0
114;16;1;1;"Согласен с условиями";null;null;null;null;0
114;17;1;1;"Согласен с условиями";null;null;null;null;0
114;18;1;1;"Согласен с условиями";null;null;null;null;0
114;19;1;1;"Согласен с условиями";null;null;null;null;0
114;20;1;1;"Согласен с условиями";null;null;null;null;0
114;21;1;1;"Согласен с условиями";null;null;null;null;0
114;22;1;1;"Согласен с условиями";null;null;null;null;0
114;23;1;1;"Согласен с условиями";null;null;null;null;0
114;24;1;1;"Согласен с условиями";null;null;null;null;0
114;25;1;1;"Согласен с условиями";null;null;null;null;0
114;26;1;1;"Согласен с условиями";null;null;null;null;0
114;27;1;1;"Согласен с условиями";null;null;null;null;0
114;28;1;1;"Согласен с условиями";null;null;null;null;0
114;29;1;1;"Согласен с условиями";null;null;null;null;0
114;30;1;1;"Согласен с условиями";null;null;null;null;0
114;31;1;1;"Согласен с условиями";null;null;null;null;0
114;32;1;1;"Согласен с условиями";null;null;null;null;0
114;33;1;1;"Согласен с условиями";null;null;null;null;0
114;34;1;1;"Согласен с условиями";null;null;null;null;0
114;35;1;1;"Согласен с условиями";null;null;null;null;0
114;36;1;1;"Согласен с условиями";null;null;null;null;0
114;37;1;1;"Согласен с условиями";null;null;null;null;0
114;38;1;1;"Согласен с условиями";null;null;null;null;0
114;39;1;1;"Согласен с условиями";null;null;null;null;0
114;40;1;1;"Согласен с условиями";null;null;null;null;0
115;14;0;0;"Получатель.Удостоверяющий документ";null;null;null;null;0
116;22;1;1;"Документ.Уведомление.Дата";null;null;null;null;0
117;22;1;1;"Документ.Уведомление.Номер";null;null;null;null;0
118;4;1;1;"Документ.Тип документа";null;null;null;null;0
119;11;1;1;"Описание договора";null;null;null;null;0
119;40;1;1;"Описание договора";null;null;null;null;0
120;11;1;1;"Поручение.Количество повторений";null;null;null;null;0
120;40;1;1;"Поручение.Количество повторений";null;null;null;null;0
121;11;1;1;"Поручение.Тип исполнения";null;null;null;null;0
121;40;1;1;"Поручение.Тип исполнения";null;null;null;null;0
122;12;1;1;"Поручение.Действие";null;null;null;null;0
123;2;1;1;"Документ.Источник списания комиссии";null;null;null;null;0
124;14;1;1;"Получатель.Место рождения";null;null;null;null;0
125;1;1;1;"Документ.IP-адрес";null;null;null;null;0
125;2;1;1;"Документ.IP-адрес";null;null;null;null;0
125;3;1;1;"Документ.IP-адрес";null;null;null;null;0
125;4;1;1;"Документ.IP-адрес";null;null;null;null;0
125;5;1;1;"Документ.IP-адрес";null;null;null;null;0
125;6;1;1;"Документ.IP-адрес";null;null;null;null;0
125;7;1;1;"Документ.IP-адрес";null;null;null;null;0
125;8;1;1;"Документ.IP-адрес";null;null;null;null;0
125;9;1;1;"Документ.IP-адрес";null;null;null;null;0
125;10;1;1;"Документ.IP-адрес";null;null;null;null;0
125;11;1;1;"Документ.IP-адрес";null;null;null;null;0
125;12;1;1;"Документ.IP-адрес";null;null;null;null;0
125;13;1;1;"Документ.IP-адрес";null;null;null;null;0
125;14;1;1;"Документ.IP-адрес";null;null;null;null;0
125;15;1;1;"Документ.IP-адрес";null;null;null;null;0
125;16;1;1;"Документ.IP-адрес";null;null;null;null;0
125;17;1;1;"Документ.IP-адрес";null;null;null;null;0
125;18;1;1;"Документ.IP-адрес";null;null;null;null;0
125;19;1;1;"Документ.IP-адрес";null;null;null;null;0
125;20;1;1;"Документ.IP-адрес";null;null;null;null;0
125;21;1;1;"Документ.IP-адрес";null;null;null;null;0
125;22;1;1;"Документ.IP-адрес";null;null;null;null;0
125;23;1;1;"Документ.IP-адрес";null;null;null;null;0
125;24;1;1;"Документ.IP-адрес";null;null;null;null;0
125;25;1;1;"Документ.IP-адрес";null;null;null;null;0
125;26;1;1;"Документ.IP-адрес";null;null;null;null;0
125;27;1;1;"Документ.IP-адрес";null;null;null;null;0
125;28;1;1;"Документ.IP-адрес";null;null;null;null;0
125;29;1;1;"Документ.IP-адрес";null;null;null;null;0
125;30;1;1;"Документ.IP-адрес";null;null;null;null;0
125;31;1;1;"Документ.IP-адрес";null;null;null;null;0
125;32;1;1;"Документ.IP-адрес";null;null;null;null;0
125;33;1;1;"Документ.IP-адрес";null;null;null;null;0
125;34;1;1;"Документ.IP-адрес";null;null;null;null;0
125;35;1;1;"Документ.IP-адрес";null;null;null;null;0
125;36;1;1;"Документ.IP-адрес";null;null;null;null;0
125;37;1;1;"Документ.IP-адрес";null;null;null;null;0
125;38;1;1;"Документ.IP-адрес";null;null;null;null;0
125;39;1;1;"Документ.IP-адрес";null;null;null;null;0
125;40;1;1;"Документ.IP-адрес";null;null;null;null;0
126;1;1;1;"Документ.Филиал источника списания";null;null;null;null;0
126;2;1;1;"Документ.Филиал источника списания";null;null;null;null;0
126;3;1;1;"Документ.Филиал источника списания";null;null;null;null;0
126;4;1;1;"Документ.Филиал источника списания";null;null;null;null;0
126;5;1;1;"Документ.Филиал источника списания";null;null;null;null;0
126;6;1;1;"Документ.Филиал источника списания";null;null;null;null;0
126;7;1;1;"Документ.Филиал источника списания";null;null;null;null;0
126;8;1;1;"Документ.Филиал источника списания";null;null;null;null;0
126;9;1;1;"Документ.Филиал источника списания";null;null;null;null;0
126;10;1;1;"Документ.Филиал источника списания";null;null;null;null;0
126;11;1;1;"Документ.Филиал источника списания";null;null;null;null;0
126;12;1;1;"Документ.Филиал источника списания";null;null;null;null;0
126;13;1;1;"Документ.Филиал источника списания";null;null;null;null;0
126;14;1;1;"Документ.Филиал источника списания";null;null;null;null;0
126;15;1;1;"Документ.Филиал источника списания";null;null;null;null;0
126;16;1;1;"Документ.Филиал источника списания";null;null;null;null;0
126;17;1;1;"Документ.Филиал источника списания";null;null;null;null;0
126;18;1;1;"Документ.Филиал источника списания";null;null;null;null;0
126;19;1;1;"Документ.Филиал источника списания";null;null;null;null;0
126;20;1;1;"Документ.Филиал источника списания";null;null;null;null;0
126;21;1;1;"Документ.Филиал источника списания";null;null;null;null;0
126;22;1;1;"Документ.Филиал источника списания";null;null;null;null;0
126;23;1;1;"Документ.Филиал источника списания";null;null;null;null;0
126;24;1;1;"Документ.Филиал источника списания";null;null;null;null;0
126;25;1;1;"Документ.Филиал источника списания";null;null;null;null;0
126;26;1;1;"Документ.Филиал источника списания";null;null;null;null;0
126;27;1;1;"Документ.Филиал источника списания";null;null;null;null;0
126;28;1;1;"Документ.Филиал источника списания";null;null;null;null;0
126;29;1;1;"Документ.Филиал источника списания";null;null;null;null;0
126;30;1;1;"Документ.Филиал источника списания";null;null;null;null;0
126;31;1;1;"Документ.Филиал источника списания";null;null;null;null;0
126;32;1;1;"Документ.Филиал источника списания";null;null;null;null;0
126;33;1;1;"Документ.Филиал источника списания";null;null;null;null;0
126;34;1;1;"Документ.Филиал источника списания";null;null;null;null;0
126;35;1;1;"Документ.Филиал источника списания";null;null;null;null;0
126;36;1;1;"Документ.Филиал источника списания";null;null;null;null;0
126;37;1;1;"Документ.Филиал источника списания";null;null;null;null;0
126;38;1;1;"Документ.Филиал источника списания";null;null;null;null;0
126;39;1;1;"Документ.Филиал источника списания";null;null;null;null;0
126;40;1;1;"Документ.Филиал источника списания";null;null;null;null;0
127;1;1;1;"Документ.Филиал источника зачисления";null;null;null;null;0
127;2;1;1;"Документ.Филиал источника зачисления";null;null;null;null;0
127;3;1;1;"Документ.Филиал источника зачисления";null;null;null;null;0
127;4;1;1;"Документ.Филиал источника зачисления";null;null;null;null;0
127;5;1;1;"Документ.Филиал источника зачисления";null;null;null;null;0
127;6;1;1;"Документ.Филиал источника зачисления";null;null;null;null;0
127;7;1;1;"Документ.Филиал источника зачисления";null;null;null;null;0
127;8;1;1;"Документ.Филиал источника зачисления";null;null;null;null;0
127;9;1;1;"Документ.Филиал источника зачисления";null;null;null;null;0
127;10;1;1;"Документ.Филиал источника зачисления";null;null;null;null;0
127;11;1;1;"Документ.Филиал источника зачисления";null;null;null;null;0
127;12;1;1;"Документ.Филиал источника зачисления";null;null;null;null;0
127;13;1;1;"Документ.Филиал источника зачисления";null;null;null;null;0
127;14;1;1;"Документ.Филиал источника зачисления";null;null;null;null;0
127;15;1;1;"Документ.Филиал источника зачисления";null;null;null;null;0
127;16;1;1;"Документ.Филиал источника зачисления";null;null;null;null;0
127;17;1;1;"Документ.Филиал источника зачисления";null;null;null;null;0
127;18;1;1;"Документ.Филиал источника зачисления";null;null;null;null;0
127;19;1;1;"Документ.Филиал источника зачисления";null;null;null;null;0
127;20;1;1;"Документ.Филиал источника зачисления";null;null;null;null;0
127;21;1;1;"Документ.Филиал источника зачисления";null;null;null;null;0
127;22;1;1;"Документ.Филиал источника зачисления";null;null;null;null;0
127;23;1;1;"Документ.Филиал источника зачисления";null;null;null;null;0
127;24;1;1;"Документ.Филиал источника зачисления";null;null;null;null;0
127;25;1;1;"Документ.Филиал источника зачисления";null;null;null;null;0
127;26;1;1;"Документ.Филиал источника зачисления";null;null;null;null;0
127;27;1;1;"Документ.Филиал источника зачисления";null;null;null;null;0
127;28;1;1;"Документ.Филиал источника зачисления";null;null;null;null;0
127;29;1;1;"Документ.Филиал источника зачисления";null;null;null;null;0
127;30;1;1;"Документ.Филиал источника зачисления";null;null;null;null;0
127;31;1;1;"Документ.Филиал источника зачисления";null;null;null;null;0
127;32;1;1;"Документ.Филиал источника зачисления";null;null;null;null;0
127;33;1;1;"Документ.Филиал источника зачисления";null;null;null;null;0
127;34;1;1;"Документ.Филиал источника зачисления";null;null;null;null;0
127;35;1;1;"Документ.Филиал источника зачисления";null;null;null;null;0
127;36;1;1;"Документ.Филиал источника зачисления";null;null;null;null;0
127;37;1;1;"Документ.Филиал источника зачисления";null;null;null;null;0
127;38;1;1;"Документ.Филиал источника зачисления";null;null;null;null;0
127;39;1;1;"Документ.Филиал источника зачисления";null;null;null;null;0
127;40;1;1;"Документ.Филиал источника зачисления";null;null;null;null;0
128;6;1;1;"Продукт.Наименование";null;null;null;null;0
129;6;1;1;"Продукт.Номер отделения";null;null;null;null;0
130;6;1;1;"Продукт.Счет начисления процентов";null;null;null;null;0
131;6;1;1;"Продукт.Счет перечисления по окончании";null;null;null;null;0
132;6;1;1;"Продукт.Процентная ставка";null;null;null;null;0
132;27;1;1;"Продукт.Процентная ставка";null;null;null;null;0
133;1;1;1;"Документ.Внешний референс";null;null;null;null;0
133;2;1;1;"Документ.Внешний референс";null;null;null;null;0
133;3;1;1;"Документ.Внешний референс";null;null;null;null;0
133;4;1;1;"Документ.Внешний референс";null;null;null;null;0
133;5;1;1;"Документ.Внешний референс";null;null;null;null;0
133;6;1;1;"Документ.Внешний референс";null;null;null;null;0
133;7;1;1;"Документ.Внешний референс";null;null;null;null;0
133;8;1;1;"Документ.Внешний референс";null;null;null;null;0
133;9;1;1;"Документ.Внешний референс";null;null;null;null;0
133;10;1;1;"Документ.Внешний референс";null;null;null;null;0
133;11;1;1;"Документ.Внешний референс";null;null;null;null;0
133;12;1;1;"Документ.Внешний референс";null;null;null;null;0
133;13;1;1;"Документ.Внешний референс";null;null;null;null;0
133;14;1;1;"Документ.Внешний референс";null;null;null;null;0
133;15;1;1;"Документ.Внешний референс";null;null;null;null;0
133;16;1;1;"Документ.Внешний референс";null;null;null;null;0
133;17;1;1;"Документ.Внешний референс";null;null;null;null;0
133;18;1;1;"Документ.Внешний референс";null;null;null;null;0
133;19;1;1;"Документ.Внешний референс";null;null;null;null;0
133;20;1;1;"Документ.Внешний референс";null;null;null;null;0
133;21;1;1;"Документ.Внешний референс";null;null;null;null;0
133;22;1;1;"Документ.Внешний референс";null;null;null;null;0
133;23;1;1;"Документ.Внешний референс";null;null;null;null;0
133;24;1;1;"Документ.Внешний референс";null;null;null;null;0
133;25;1;1;"Документ.Внешний референс";null;null;null;null;0
133;26;1;1;"Документ.Внешний референс";null;null;null;null;0
133;27;1;1;"Документ.Внешний референс";null;null;null;null;0
133;28;1;1;"Документ.Внешний референс";null;null;null;null;0
133;29;1;1;"Документ.Внешний референс";null;null;null;null;0
133;30;1;1;"Документ.Внешний референс";null;null;null;null;0
133;31;1;1;"Документ.Внешний референс";null;null;null;null;0
133;32;1;1;"Документ.Внешний референс";null;null;null;null;0
133;33;1;1;"Документ.Внешний референс";null;null;null;null;0
133;34;1;1;"Документ.Внешний референс";null;null;null;null;0
133;35;1;1;"Документ.Внешний референс";null;null;null;null;0
133;36;1;1;"Документ.Внешний референс";null;null;null;null;0
133;37;1;1;"Документ.Внешний референс";null;null;null;null;0
133;38;1;1;"Документ.Внешний референс";null;null;null;null;0
133;39;1;1;"Документ.Внешний референс";null;null;null;null;0
133;40;1;1;"Документ.Внешний референс";null;null;null;null;0
134;7;1;1;"Договор бизнеса.Счет";null;null;null;null;0
134;10;1;1;"Договор бизнеса.Счет";null;null;null;null;0
134;13;1;1;"Договор бизнеса.Счет";null;null;null;null;0
134;32;1;1;"Договор бизнеса.Счет";null;null;null;null;0
134;34;1;1;"Договор бизнеса.Счет";null;null;null;null;0
135;5;1;1;"Оплата услуг.Код договора";null;null;null;null;0
136;1;1;1;"Идентификатор абонента создавшего документ";null;null;null;null;0
136;2;1;1;"Идентификатор абонента создавшего документ";null;null;null;null;0
136;3;1;1;"Идентификатор абонента создавшего документ";null;null;null;null;0
136;4;1;1;"Идентификатор абонента создавшего документ";null;null;null;null;0
136;5;1;1;"Идентификатор абонента создавшего документ";null;null;null;null;0
136;6;1;1;"Идентификатор абонента создавшего документ";null;null;null;null;0
136;7;1;1;"Идентификатор абонента создавшего документ";null;null;null;null;0
136;8;1;1;"Идентификатор абонента создавшего документ";null;null;null;null;0
136;9;1;1;"Идентификатор абонента создавшего документ";null;null;null;null;0
136;10;1;1;"Идентификатор абонента создавшего документ";null;null;null;null;0
136;11;1;1;"Идентификатор абонента создавшего документ";null;null;null;null;0
136;12;1;1;"Идентификатор абонента создавшего документ";null;null;null;null;0
136;13;1;1;"Идентификатор абонента создавшего документ";null;null;null;null;0
136;14;1;1;"Идентификатор абонента создавшего документ";null;null;null;null;0
136;15;1;1;"Идентификатор абонента создавшего документ";null;null;null;null;0
136;16;1;1;"Идентификатор абонента создавшего документ";null;null;null;null;0
136;17;1;1;"Идентификатор абонента создавшего документ";null;null;null;null;0
136;18;1;1;"Идентификатор абонента создавшего документ";null;null;null;null;0
136;19;1;1;"Идентификатор абонента создавшего документ";null;null;null;null;0
136;20;1;1;"Идентификатор абонента создавшего документ";null;null;null;null;0
136;21;1;1;"Идентификатор абонента создавшего документ";null;null;null;null;0
136;22;1;1;"Идентификатор абонента создавшего документ";null;null;null;null;0
136;23;1;1;"Идентификатор абонента создавшего документ";null;null;null;null;0
136;24;1;1;"Идентификатор абонента создавшего документ";null;null;null;null;0
136;25;1;1;"Идентификатор абонента создавшего документ";null;null;null;null;0
136;26;1;1;"Идентификатор абонента создавшего документ";null;null;null;null;0
136;27;1;1;"Идентификатор абонента создавшего документ";null;null;null;null;0
136;28;1;1;"Идентификатор абонента создавшего документ";null;null;null;null;0
136;29;1;1;"Идентификатор абонента создавшего документ";null;null;null;null;0
136;30;1;1;"Идентификатор абонента создавшего документ";null;null;null;null;0
136;31;1;1;"Идентификатор абонента создавшего документ";null;null;null;null;0
136;32;1;1;"Идентификатор абонента создавшего документ";null;null;null;null;0
136;33;1;1;"Идентификатор абонента создавшего документ";null;null;null;null;0
136;34;1;1;"Идентификатор абонента создавшего документ";null;null;null;null;0
136;35;1;1;"Идентификатор абонента создавшего документ";null;null;null;null;0
136;36;1;1;"Идентификатор абонента создавшего документ";null;null;null;null;0
136;37;1;1;"Идентификатор абонента создавшего документ";null;null;null;null;0
136;38;1;1;"Идентификатор абонента создавшего документ";null;null;null;null;0
136;39;1;1;"Идентификатор абонента создавшего документ";null;null;null;null;0
136;40;1;1;"Идентификатор абонента создавшего документ";null;null;null;null;0
137;29;1;1;"Новый открытый ключ";null;null;null;null;0
138;1;1;1;"Документ.УИН";null;null;null;null;0
138;17;1;1;"Документ.УИН";null;null;null;null;0
139;1;1;1;"Вклады.Процентная ставка";null;null;null;null;0
139;2;1;1;"Вклады.Процентная ставка";null;null;null;null;0
139;3;1;1;"Вклады.Процентная ставка";null;null;null;null;0
139;4;1;1;"Вклады.Процентная ставка";null;null;null;null;0
139;5;1;1;"Вклады.Процентная ставка";null;null;null;null;0
139;6;1;1;"Вклады.Процентная ставка";null;null;null;null;0
139;7;1;1;"Вклады.Процентная ставка";null;null;null;null;0
139;8;1;1;"Вклады.Процентная ставка";null;null;null;null;0
139;9;1;1;"Вклады.Процентная ставка";null;null;null;null;0
139;10;1;1;"Вклады.Процентная ставка";null;null;null;null;0
139;11;1;1;"Вклады.Процентная ставка";null;null;null;null;0
139;12;1;1;"Вклады.Процентная ставка";null;null;null;null;0
139;13;1;1;"Вклады.Процентная ставка";null;null;null;null;0
139;14;1;1;"Вклады.Процентная ставка";null;null;null;null;0
139;15;1;1;"Вклады.Процентная ставка";null;null;null;null;0
139;16;1;1;"Вклады.Процентная ставка";null;null;null;null;0
139;17;1;1;"Вклады.Процентная ставка";null;null;null;null;0
139;18;1;1;"Вклады.Процентная ставка";null;null;null;null;0
139;19;1;1;"Вклады.Процентная ставка";null;null;null;null;0
139;20;1;1;"Вклады.Процентная ставка";null;null;null;null;0
139;21;1;1;"Вклады.Процентная ставка";null;null;null;null;0
139;22;1;1;"Вклады.Процентная ставка";null;null;null;null;0
139;23;1;1;"Вклады.Процентная ставка";null;null;null;null;0
139;24;1;1;"Вклады.Процентная ставка";null;null;null;null;0
139;25;1;1;"Вклады.Процентная ставка";null;null;null;null;0
139;26;1;1;"Вклады.Процентная ставка";null;null;null;null;0
139;27;1;1;"Вклады.Процентная ставка";null;null;null;null;0
139;28;1;1;"Вклады.Процентная ставка";null;null;null;null;0
139;29;1;1;"Вклады.Процентная ставка";null;null;null;null;0
139;30;1;1;"Вклады.Процентная ставка";null;null;null;null;0
139;31;1;1;"Вклады.Процентная ставка";null;null;null;null;0
139;32;1;1;"Вклады.Процентная ставка";null;null;null;null;0
139;33;1;1;"Вклады.Процентная ставка";null;null;null;null;0
139;34;1;1;"Вклады.Процентная ставка";null;null;null;null;0
139;35;1;1;"Вклады.Процентная ставка";null;null;null;null;0
139;36;1;1;"Вклады.Процентная ставка";null;null;null;null;0
139;37;1;1;"Вклады.Процентная ставка";null;null;null;null;0
139;38;1;1;"Вклады.Процентная ставка";null;null;null;null;0
139;39;1;1;"Вклады.Процентная ставка";null;null;null;null;0
139;40;1;1;"Вклады.Процентная ставка";null;null;null;null;0
140;26;1;1;"Договор бизнеса.Код бизнеса";null;null;null;null;0
140;27;1;1;"Договор бизнеса.Код бизнеса";null;null;null;null;0
140;32;1;1;"Договор бизнеса.Код бизнеса";null;null;null;null;0
141;14;1;1;"Денежный перевод.Код перевода";null;null;null;null;0
142;14;1;1;"Денежный перевод.Направление";null;null;null;null;0
143;14;1;1;"Денежный перевод.Внешний ид.системы";null;null;null;null;0
144;14;1;1;"Документ.Комиссия банка";null;null;null;null;0
145;14;1;1;"Документ.Комиссия системы";null;null;null;null;0
146;1;1;1;"Документ.УИП";null;null;null;null;0
146;15;1;1;"Документ.УИП";null;null;null;null;0
146;16;1;1;"Документ.УИП";null;null;null;null;0
146;17;1;1;"Документ.УИП";null;null;null;null;0
147;6;1;1;"Тип срока";null;null;null;null;0
148;29;1;1;"Номер ключевого носителя";null;null;null;null;0
149;14;1;1;"Получатель.Резидент";null;null;null;null;0
150;14;1;1;"Получатель.Email";null;null;null;null;0
151;14;1;1;"Денежный перевод.Код страны выплаты";null;null;null;null;0
152;14;0;0;"Получатель.Полный адрес";null;null;null;null;0
153;31;1;1;"Сообщение РЦ.Идентификатор сообщения";null;null;null;null;0
154;31;1;1;"Сообщение РЦ.Идентификатор документа";null;null;null;null;0
155;31;1;1;"Сообщение РЦ.Код запроса";null;null;null;null;0
156;31;1;1;"Сообщение РЦ.Код ответа";null;null;null;null;0
157;29;1;1;"Документ.Время начала действия ключа";null;null;null;null;0
158;29;1;1;"Документ.Время окончания действия ключа";null;null;null;null;0
159;2;1;1;"Документ.Дата проведения";null;null;null;null;0
159;20;1;1;"Документ.Дата проведения";null;null;null;null;0
159;21;1;1;"Документ.Дата проведения";null;null;null;null;0
159;22;1;1;"Документ.Дата проведения";null;null;null;null;0
160;32;1;1;"Договор бизнеса.Идентификатор";null;null;null;null;0
160;35;1;1;"Договор бизнеса.Идентификатор";null;null;null;null;0
160;36;1;1;"Договор бизнеса.Идентификатор";null;null;null;null;0
160;37;1;1;"Договор бизнеса.Идентификатор";null;null;null;null;0
160;38;1;1;"Договор бизнеса.Идентификатор";null;null;null;null;0
160;39;1;1;"Договор бизнеса.Идентификатор";null;null;null;null;0
160;40;1;1;"Договор бизнеса.Идентификатор";null;null;null;null;0
161;2;1;1;"Документ.Код инструкции";null;null;null;null;0
162;2;1;1;"Документ.Срочный";null;null;null;null;0
163;2;1;1;"Плательщик.Телефон";null;null;null;null;0
163;36;1;1;"Плательщик.Телефон";null;null;null;null;0
164;2;1;1;"Плательщик.Контактное лицо";null;null;null;null;0
165;1;1;1;"Документ.Доп. информация";null;null;null;null;0
165;2;1;1;"Документ.Доп. информация";null;null;null;null;0
166;2;1;1;"Плательщик.Полный адрес";null;null;null;null;0
167;1;1;1;"Документ.Избранный";null;null;null;null;0
167;2;1;1;"Документ.Избранный";null;null;null;null;0
167;3;1;1;"Документ.Избранный";null;null;null;null;0
167;4;1;1;"Документ.Избранный";null;null;null;null;0
167;5;1;1;"Документ.Избранный";null;null;null;null;0
167;6;1;1;"Документ.Избранный";null;null;null;null;0
167;7;1;1;"Документ.Избранный";null;null;null;null;0
167;8;1;1;"Документ.Избранный";null;null;null;null;0
167;9;1;1;"Документ.Избранный";null;null;null;null;0
167;10;1;1;"Документ.Избранный";null;null;null;null;0
167;11;1;1;"Документ.Избранный";null;null;null;null;0
167;12;1;1;"Документ.Избранный";null;null;null;null;0
167;13;1;1;"Документ.Избранный";null;null;null;null;0
167;14;1;1;"Документ.Избранный";null;null;null;null;0
167;15;1;1;"Документ.Избранный";null;null;null;null;0
167;16;1;1;"Документ.Избранный";null;null;null;null;0
167;17;1;1;"Документ.Избранный";null;null;null;null;0
167;18;1;1;"Документ.Избранный";null;null;null;null;0
167;19;1;1;"Документ.Избранный";null;null;null;null;0
167;20;1;1;"Документ.Избранный";null;null;null;null;0
167;21;1;1;"Документ.Избранный";null;null;null;null;0
167;22;1;1;"Документ.Избранный";null;null;null;null;0
167;23;1;1;"Документ.Избранный";null;null;null;null;0
167;24;1;1;"Документ.Избранный";null;null;null;null;0
167;25;1;1;"Документ.Избранный";null;null;null;null;0
167;26;1;1;"Документ.Избранный";null;null;null;null;0
167;27;1;1;"Документ.Избранный";null;null;null;null;0
167;28;1;1;"Документ.Избранный";null;null;null;null;0
167;29;1;1;"Документ.Избранный";null;null;null;null;0
167;30;1;1;"Документ.Избранный";null;null;null;null;0
167;31;1;1;"Документ.Избранный";null;null;null;null;0
167;32;1;1;"Документ.Избранный";null;null;null;null;0
167;33;1;1;"Документ.Избранный";null;null;null;null;0
167;34;1;1;"Документ.Избранный";null;null;null;null;0
167;35;1;1;"Документ.Избранный";null;null;null;null;0
167;36;1;1;"Документ.Избранный";null;null;null;null;0
167;37;1;1;"Документ.Избранный";null;null;null;null;0
167;38;1;1;"Документ.Избранный";null;null;null;null;0
167;39;1;1;"Документ.Избранный";null;null;null;null;0
167;40;1;1;"Документ.Избранный";null;null;null;null;0
168;38;1;1;"Идентификатор доверенности";null;null;null;null;0
169;36;0;0;"Карты.Пакет услуг SMS";null;null;null;null;0
170;33;1;1;"Абонент.Логин";null;null;null;null;0
171;1;1;1;"Документ.Комиссия РКО";null;null;null;null;0
171;2;1;1;"Документ.Комиссия РКО";null;null;null;null;0
171;3;1;1;"Документ.Комиссия РКО";null;null;null;null;0
171;4;1;1;"Документ.Комиссия РКО";null;null;null;null;0
171;5;1;1;"Документ.Комиссия РКО";null;null;null;null;0
171;6;1;1;"Документ.Комиссия РКО";null;null;null;null;0
171;7;1;1;"Документ.Комиссия РКО";null;null;null;null;0
171;8;1;1;"Документ.Комиссия РКО";null;null;null;null;0
171;9;1;1;"Документ.Комиссия РКО";null;null;null;null;0
171;10;1;1;"Документ.Комиссия РКО";null;null;null;null;0
171;11;1;1;"Документ.Комиссия РКО";null;null;null;null;0
171;12;1;1;"Документ.Комиссия РКО";null;null;null;null;0
171;13;1;1;"Документ.Комиссия РКО";null;null;null;null;0
171;14;1;1;"Документ.Комиссия РКО";null;null;null;null;0
171;15;1;1;"Документ.Комиссия РКО";null;null;null;null;0
171;16;1;1;"Документ.Комиссия РКО";null;null;null;null;0
171;17;1;1;"Документ.Комиссия РКО";null;null;null;null;0
171;18;1;1;"Документ.Комиссия РКО";null;null;null;null;0
171;19;1;1;"Документ.Комиссия РКО";null;null;null;null;0
171;20;1;1;"Документ.Комиссия РКО";null;null;null;null;0
171;21;1;1;"Документ.Комиссия РКО";null;null;null;null;0
171;22;1;1;"Документ.Комиссия РКО";null;null;null;null;0
171;23;1;1;"Документ.Комиссия РКО";null;null;null;null;0
171;24;1;1;"Документ.Комиссия РКО";null;null;null;null;0
171;25;1;1;"Документ.Комиссия РКО";null;null;null;null;0
171;26;1;1;"Документ.Комиссия РКО";null;null;null;null;0
171;27;1;1;"Документ.Комиссия РКО";null;null;null;null;0
171;28;1;1;"Документ.Комиссия РКО";null;null;null;null;0
171;29;1;1;"Документ.Комиссия РКО";null;null;null;null;0
171;30;1;1;"Документ.Комиссия РКО";null;null;null;null;0
171;31;1;1;"Документ.Комиссия РКО";null;null;null;null;0
171;32;1;1;"Документ.Комиссия РКО";null;null;null;null;0
171;33;1;1;"Документ.Комиссия РКО";null;null;null;null;0
171;34;1;1;"Документ.Комиссия РКО";null;null;null;null;0
171;35;1;1;"Документ.Комиссия РКО";null;null;null;null;0
171;36;1;1;"Документ.Комиссия РКО";null;null;null;null;0
171;37;1;1;"Документ.Комиссия РКО";null;null;null;null;0
171;38;1;1;"Документ.Комиссия РКО";null;null;null;null;0
171;39;1;1;"Документ.Комиссия РКО";null;null;null;null;0
171;40;1;1;"Документ.Комиссия РКО";null;null;null;null;0
